id,order_id,product_id,amount,value
1,1,1,2,2500.990000
2,1,2,1,150.500000
3,2,1,1,2500.990000
